CREATE DATABASE  IF NOT EXISTS `games` /*!40100 DEFAULT CHARACTER SET utf8 */;
USE `games`;
-- MySQL dump 10.13  Distrib 5.6.19, for osx10.7 (i386)
--
-- Host: localhost    Database: games
-- ------------------------------------------------------
-- Server version	5.6.21-log

/*!40101 SET @OLD_CHARACTER_SET_CLIENT=@@CHARACTER_SET_CLIENT */;
/*!40101 SET @OLD_CHARACTER_SET_RESULTS=@@CHARACTER_SET_RESULTS */;
/*!40101 SET @OLD_COLLATION_CONNECTION=@@COLLATION_CONNECTION */;
/*!40101 SET NAMES utf8 */;
/*!40103 SET @OLD_TIME_ZONE=@@TIME_ZONE */;
/*!40103 SET TIME_ZONE='+00:00' */;
/*!40014 SET @OLD_UNIQUE_CHECKS=@@UNIQUE_CHECKS, UNIQUE_CHECKS=0 */;
/*!40014 SET @OLD_FOREIGN_KEY_CHECKS=@@FOREIGN_KEY_CHECKS, FOREIGN_KEY_CHECKS=0 */;
/*!40101 SET @OLD_SQL_MODE=@@SQL_MODE, SQL_MODE='NO_AUTO_VALUE_ON_ZERO' */;
/*!40111 SET @OLD_SQL_NOTES=@@SQL_NOTES, SQL_NOTES=0 */;

--
-- Table structure for table `game_entity`
--

DROP TABLE IF EXISTS `game_entity`;
/*!40101 SET @saved_cs_client     = @@character_set_client */;
/*!40101 SET character_set_client = utf8 */;
CREATE TABLE `game_entity` (
  `id` int(11) NOT NULL AUTO_INCREMENT,
  `title` varchar(255) NOT NULL,
  `source` varchar(45) DEFAULT NULL,
  `platform` varchar(45) DEFAULT NULL,
  `source_id` varchar(45) DEFAULT NULL,
  `date_created` datetime DEFAULT NULL,
  `date_updated` datetime DEFAULT NULL,
  `has_played` tinyint(3) DEFAULT '0',
  `has_finished` tinyint(3) DEFAULT '0',
  `play_rating` tinyint(3) DEFAULT NULL,
  `notes` tinytext,
  `open_ended` tinyint(3) DEFAULT '0',
  `to_play_order` tinyint(3) DEFAULT NULL,
  PRIMARY KEY (`id`),
  FULLTEXT KEY `idx_title` (`title`)
) ENGINE=InnoDB AUTO_INCREMENT=436 DEFAULT CHARSET=utf8;
/*!40101 SET character_set_client = @saved_cs_client */;

--
-- Dumping data for table `game_entity`
--

LOCK TABLES `game_entity` WRITE;
/*!40000 ALTER TABLE `game_entity` DISABLE KEYS */;
INSERT INTO `game_entity` VALUES (1,'Anomaly Warzone Earth','Humble Bundle','Windows, Mac, Linux',NULL,'2012-02-14 00:00:00','2015-03-12 05:49:47',0,0,6,NULL,0,NULL),(2,'Aquaria','Humble Bundle','Windows, Mac, Linux',NULL,'2011-12-06 00:00:00','2015-03-12 05:49:47',0,0,6,NULL,0,NULL),(3,'Battle Frogs','Humble Bundle','Windows, Mac, Linux',NULL,'2013-02-23 00:00:00','2015-03-12 05:49:47',0,0,6,NULL,0,NULL),(4,'City Generator Tech Demo','Humble Bundle','Windows',NULL,'2011-12-06 00:00:00','2015-03-12 06:18:30',1,0,6,NULL,0,NULL),(5,'Cook, Serve, Delicious!','Humble Bundle','Windows, Mac, Linux',NULL,'2014-07-24 00:00:00','2015-03-12 06:18:30',1,0,6,NULL,0,NULL),(6,'Crayon Physics Deluxe','Humble Bundle','Windows, Mac, Linux',NULL,'2011-12-06 00:00:00','2015-03-12 06:18:30',1,0,6,NULL,0,NULL),(7,'DEFCON','Humble Bundle','Windows, Mac, Linux',NULL,'2011-12-06 00:00:00','2015-03-12 06:18:31',1,0,6,NULL,0,NULL),(8,'Darwinia','Humble Bundle','Windows, Mac, Linux',NULL,'2011-12-06 00:00:00','2015-03-12 06:18:31',1,0,6,NULL,0,NULL),(9,'Dungeons of Dredmor','Humble Bundle','Windows, Mac, Linux',NULL,'2011-12-06 00:00:00','2015-03-12 06:18:31',1,0,6,NULL,0,NULL),(10,'EDGE','Humble Bundle','Windows, Mac, Linux',NULL,'2012-02-14 00:00:00','2015-03-12 06:18:31',1,0,6,NULL,0,NULL),(11,'Endless Nuclear Kittens','Humble Bundle','Windows, Mac, Linux',NULL,'2013-02-23 00:00:00','2015-03-12 06:25:43',0,0,6,NULL,0,NULL),(12,'Low Light Combat','Humble Bundle','Windows, Mac, Linux',NULL,'2013-02-23 00:00:00','2015-03-12 06:25:44',0,0,6,NULL,0,NULL),(13,'Multiwinia','Humble Bundle','Windows, Mac, Linux',NULL,'2011-12-06 00:00:00','2015-03-12 06:25:44',0,0,6,NULL,0,NULL),(14,'Nuclear Pizza War','Humble Bundle','Windows, Mac, Linux',NULL,'2013-02-23 00:00:00','2015-03-12 06:25:44',0,0,6,NULL,0,NULL),(15,'Osmos','Humble Bundle','Windows, Mac, Linux',NULL,'2012-02-14 00:00:00','2015-03-12 06:18:35',1,0,6,NULL,0,NULL),(16,'Out of the Park Baseball 14','Humble Bundle','Windows, Mac, Linux',NULL,'2014-07-24 00:00:00','2015-03-12 06:18:35',1,0,6,NULL,0,NULL),(17,'Space Hunk','Humble Bundle','Windows, Mac',NULL,'2013-02-23 00:00:00','2015-03-12 06:25:45',0,0,6,NULL,0,NULL),(18,'Tektonik','Humble Bundle','Windows, Mac',NULL,'2013-02-23 00:00:00','2015-03-12 06:26:20',0,0,6,NULL,0,NULL),(19,'Toki Tori','Humble Bundle','Windows, Mac, Linux',NULL,'2012-02-14 00:00:00','2015-03-12 06:26:20',0,0,6,NULL,0,NULL),(20,'Universe Sandbox','Humble Bundle','Windows',NULL,'2014-07-24 00:00:00','2015-03-12 06:18:39',1,0,6,NULL,0,NULL),(21,'Uplink','Humble Bundle','Windows, Mac, Linux',NULL,'2011-12-06 00:00:00','2015-03-12 06:18:40',1,0,6,NULL,0,NULL),(22,'Voxel Tech Demo','Humble Bundle','Windows',NULL,'2011-12-06 00:00:00','2015-03-12 06:22:31',1,0,6,NULL,0,NULL),(23,'3918','Humble Bundle','Windows',NULL,'2013-02-23 00:00:00','2015-03-12 05:29:26',0,2,6,NULL,0,NULL),(24,'Wasteland Kings','Humble Bundle','Windows',NULL,'2013-02-23 00:00:00','2015-03-12 06:26:20',0,0,6,NULL,0,NULL),(25,'World Of Goo','Humble Bundle','Windows, Mac, Linux',NULL,'2012-02-14 00:00:00','2015-03-12 06:22:31',1,0,6,NULL,0,NULL),(26,'Half-Life 2','Steam','Windows, Mac, Linux','220','2006-08-22 00:00:00','2015-03-12 06:18:33',1,0,6,NULL,0,NULL),(27,'Counter-Strike: Source','Steam','Windows, Mac, Linux','240','2014-08-11 00:00:00','2015-03-12 06:18:30',1,0,6,NULL,0,NULL),(28,'Half-Life: Source','Steam','Windows, Mac, Linux','280','2006-08-22 00:00:00','2015-03-12 06:18:33',1,0,6,NULL,0,NULL),(29,'Half-Life 2: Deathmatch','Steam','Windows, Mac, Linux','320','2006-08-22 00:00:00','2015-03-12 06:18:33',1,0,6,NULL,0,NULL),(30,'Half-Life 2: Lost Coast','Steam','Windows, Mac, Linux','340','2006-08-22 00:00:00','2015-03-12 06:18:33',1,0,6,NULL,0,NULL),(31,'Half-Life Deathmatch: Source','Steam','Windows, Mac, Linux','360','2006-08-22 00:00:00','2015-03-12 06:18:33',1,0,6,NULL,0,NULL),(32,'Garry\'s Mod','Steam','Windows, Mac, Linux','4000','2013-02-19 00:00:00','2015-03-12 06:18:33',1,0,6,NULL,0,NULL),(33,'Eets','Steam','Windows, Mac','6100','2010-12-26 00:00:00','2015-03-17 03:08:50',1,0,0,NULL,0,NULL),(34,'Half-Life 2: Episode One','Steam','Windows, Mac, Linux','380','2013-07-13 00:00:00','2015-03-12 06:18:33',1,0,6,NULL,0,NULL),(35,'Portal','Steam','Windows, Mac, Linux','400','2013-07-13 00:00:00','2015-03-12 06:18:35',1,0,6,NULL,0,NULL),(36,'Half-Life 2: Episode Two','Steam','Windows, Mac, Linux','420','2013-07-13 00:00:00','2015-03-12 06:18:33',1,0,6,NULL,0,NULL),(37,'RollerCoaster Tycoon® 3: Platinum','Steam','Windows, Mac','2700','2013-09-22 00:00:00','2015-03-12 06:18:36',1,0,6,NULL,0,NULL),(38,'Unreal Tournament 3 Black','Steam','Windows','13210','2012-12-01 00:00:00','2015-03-12 06:18:40',1,0,6,NULL,0,NULL),(39,'The Wonderful End of the World','Steam','Windows','15500','2011-04-10 00:00:00','2015-03-12 06:18:39',1,0,6,NULL,0,NULL),(40,'FlatOut: Ultimate Carnage','Steam','Windows','12360','2010-12-26 00:00:00','2015-03-12 06:18:32',1,0,6,NULL,0,NULL),(41,'Far Cry® 2: Fortune\'s Edition','Steam','Windows','19900','2012-07-20 00:00:00','2015-03-12 06:18:32',1,0,6,NULL,0,NULL),(42,'Bully: Scholarship Edition','Steam','Windows','12200','2013-04-25 00:00:00','2015-03-17 03:39:49',1,1,1,'Control scheme was sort of un-intuitive on PC, I think. Don\'t remember if I\'ve tried this with a controller or not, maybe that would help?',0,NULL),(43,'Saints Row 2','Steam','Windows','9480','2009-01-10 00:00:00','2015-03-12 06:18:36',1,0,6,NULL,0,NULL),(44,'Legendary','Steam','Windows','16730','2012-07-03 00:00:00','2015-03-12 06:25:44',0,0,6,NULL,0,NULL),(45,'Grand Theft Auto IV','Steam','Windows','12210','2012-12-21 00:00:00','2015-03-12 06:18:33',1,0,6,NULL,0,NULL),(46,'Command & Conquer: Red Alert 3','Steam','Windows','17480','2012-07-03 00:00:00','2015-03-12 06:18:30',1,0,6,NULL,0,NULL),(47,'Prototype™','Steam','Windows','10150','2012-10-29 00:00:00','2015-03-12 06:18:35',1,0,6,NULL,0,NULL),(48,'The Elder Scrolls IV: Oblivion® Game of the Year Edition','Steam','Windows','22330','2013-08-03 00:00:00','2015-03-12 06:18:38',1,0,6,NULL,0,NULL),(49,'The Elder Scrolls III: Morrowind® Game of the Year Edition','Steam','Windows','22320','2013-08-03 00:00:00','2015-03-12 06:18:38',1,0,6,NULL,0,NULL),(50,'Star Wars Battlefront® II','Steam','Windows','6060','2014-05-04 00:00:00','2015-03-12 06:18:38',1,0,6,NULL,0,NULL),(51,'Star Wars Republic Commando™','Steam','Windows','6000','2014-05-04 00:00:00','2015-03-12 06:18:38',1,0,6,NULL,0,NULL),(52,'Star Wars: Knights of the Old Republic','Steam','Windows, Mac','32370','2014-05-08 00:00:00','2015-03-12 06:18:38',1,0,6,NULL,0,NULL),(53,'Indiana Jones® and the Fate of Atlantis™','Steam','Windows, Mac','6010','2014-08-17 00:00:00','2015-03-12 06:25:44',0,0,6,NULL,0,NULL),(54,'The Dig®','Steam','Windows, Mac','6040','2014-08-23 00:00:00','2015-03-12 06:18:38',1,0,6,NULL,0,NULL),(55,'Indiana Jones® and the Last Crusade™','Steam','Windows, Mac','32310','2014-08-17 00:00:00','2015-03-12 06:25:44',0,0,6,NULL,0,NULL),(56,'LOOM™','Steam','Windows, Mac','32340','2014-08-17 00:00:00','2015-03-12 06:26:20',0,0,6,NULL,0,NULL),(57,'Red Faction Guerrilla Steam Edition','Steam','Windows','20500','2012-07-19 00:00:00','2015-03-12 06:18:35',1,0,6,NULL,0,NULL),(58,'Command & Conquer: Red Alert 3 - Uprising','Steam','Windows','24800','2012-07-03 00:00:00','2015-03-12 06:18:30',1,0,6,NULL,0,NULL),(59,'Command & Conquer 3: Tiberium Wars','Steam','Windows','24790','2012-07-03 00:00:00','2015-03-12 06:18:30',1,0,6,NULL,0,NULL),(60,'Command & Conquer 3: Kane\'s Wrath','Steam','Windows','24810','2012-07-03 00:00:00','2015-03-12 06:18:30',1,0,6,NULL,0,NULL),(61,'Star Wars The Force Unleashed: Ultimate Sith Edition','Steam','Windows, Mac','32430','2014-04-04 00:00:00','2015-03-12 06:18:38',1,0,6,NULL,0,NULL),(62,'Fallout 3: Game of the Year Edition','Steam','Windows','22370','2013-07-15 00:00:00','2015-03-12 06:18:32',1,0,6,NULL,0,NULL),(63,'Mass Effect 2','Steam','Windows','24980','2011-10-07 00:00:00','2015-03-12 06:18:34',1,0,6,NULL,0,NULL),(64,'Grand Ages: Rome','Steam','Windows','23450','2013-08-17 00:00:00','2015-03-12 06:18:33',1,0,6,NULL,0,NULL),(65,'Supreme Commander 2','Steam','Windows','40100','2013-07-13 00:00:00','2015-03-12 06:18:38',1,0,6,NULL,0,NULL),(66,'Silent Hunter 5®: Battle of the Atlantic','Steam','Windows','48110','2014-02-22 00:00:00','2015-03-12 06:18:37',1,0,6,NULL,0,NULL),(67,'Just Cause 2','Steam','Windows','8190','2012-07-17 00:00:00','2015-03-12 06:18:34',1,0,6,NULL,0,NULL),(68,'Batman: Arkham Asylum Game of the Year Edition','Steam','Windows','35140','2013-01-05 00:00:00','2015-03-17 03:14:19',1,1,2,NULL,0,NULL),(69,'Sid Meier\'s Civilization® IV','Steam','Windows, Mac','3900','2012-07-21 00:00:00','2015-03-12 06:18:37',1,0,6,NULL,0,NULL),(70,'Civilization IV®: Warlords','Steam','Windows, Mac','3990','2012-07-21 00:00:00','2015-03-12 06:18:30',1,0,6,NULL,0,NULL),(71,'Civilization IV: Beyond the Sword','Steam','Windows, Mac','8800','2012-07-21 00:00:00','2015-03-12 06:18:30',1,0,6,NULL,0,NULL),(72,'Sid Meier\'s Civilization IV: Colonization','Steam','Windows, Mac','16810','2012-07-21 00:00:00','2015-03-12 06:18:37',1,0,6,NULL,0,NULL),(73,'Sid Meier\'s Civilization® IV','Steam','Windows, Mac','34440','2012-07-21 00:00:00','2015-03-12 06:18:37',1,0,6,NULL,0,NULL),(74,'Civilization IV®: Warlords','Steam','Windows, Mac','34450','2012-07-21 00:00:00','2015-03-12 06:18:30',1,0,6,NULL,0,NULL),(75,'Star Wars® Empire at War™: Gold Pack','Steam','Windows','32470','2014-05-04 00:00:00','2015-03-12 06:18:38',1,0,6,NULL,0,NULL),(76,'Future Wars','Steam','Windows','46440','2014-02-22 00:00:00','2015-03-12 06:18:33',1,0,6,NULL,0,NULL),(77,'SimCity™ 4 Deluxe Edition','Steam','Windows, Mac','24780','2012-07-18 00:00:00','2015-03-12 06:18:37',1,0,6,NULL,0,NULL),(78,'Ship Simulator Extremes','Steam','Windows','48800','2014-06-29 00:00:00','2015-03-12 06:18:37',1,0,6,NULL,0,NULL),(79,'STAR WARS® THE FORCE UNLEASHED II','Steam','Windows','32500','2014-06-07 00:00:00','2015-03-12 06:18:38',1,0,6,NULL,0,NULL),(80,'Grand Theft Auto: Episodes from Liberty City','Steam','Windows','12220','2013-11-03 00:00:00','2015-03-12 06:18:33',1,0,6,NULL,0,NULL),(81,'Universe Sandbox','Steam','Windows','72200','2014-07-23 00:00:00','2015-03-12 06:18:39',1,0,6,NULL,0,NULL),(82,'nail\'d','Steam','Windows','40380','2014-03-24 00:00:00','2015-03-12 06:18:34',1,0,6,NULL,0,NULL),(83,'RUSH','Steam','Windows, Mac, Linux','38720','2010-12-12 00:00:00','2015-03-12 06:18:36',1,0,6,NULL,0,NULL),(84,'Greed Corp','Steam','Windows','48950','2010-12-13 00:00:00','2015-03-12 06:18:33',1,0,6,NULL,0,NULL),(85,'F.E.A.R. 2: Project Origin','Steam','Windows','16450','2011-06-18 00:00:00','2015-03-12 06:18:32',1,0,6,NULL,0,NULL),(86,'F.E.A.R.','Steam','Windows','21090','2011-06-18 00:00:00','2015-03-12 06:18:32',1,0,6,NULL,0,NULL),(87,'F.E.A.R.: Extraction Point','Steam','Windows','21110','2011-06-18 00:00:00','2015-03-12 06:18:32',1,0,6,NULL,0,NULL),(88,'F.E.A.R.: Perseus Mandate','Steam','Windows','21120','2011-06-18 00:00:00','2015-03-12 06:18:32',1,0,6,NULL,0,NULL),(89,'Titan Quest','Steam','Windows','4540','2012-12-09 00:00:00','2015-03-12 06:18:39',1,0,6,NULL,0,NULL),(90,'Magicka','Steam','Windows','42910','2011-09-15 00:00:00','2015-03-12 06:18:34',1,0,6,NULL,0,NULL),(91,'Bulletstorm™','Steam','Windows','99810','2012-07-20 00:00:00','2015-03-17 03:17:27',1,1,2,NULL,0,NULL),(92,'Warhammer® 40,000™: Dawn of War® II','Steam','Windows','15620','2012-02-04 00:00:00','2015-03-12 06:22:31',1,0,6,NULL,0,NULL),(93,'Warhammer® 40,000: Dawn of War® II Chaos Rising','Steam','Windows','20570','2012-02-04 00:00:00','2015-03-12 06:22:31',1,0,6,NULL,0,NULL),(94,'Warhammer 40,000: Dawn of War II: Retribution','Steam','Windows','56400','2012-02-04 00:00:00','2015-03-12 06:22:31',1,0,6,NULL,0,NULL),(95,'Portal 2','Steam','Windows, Mac, Linux','620','2011-04-26 00:00:00','2015-03-12 06:18:35',1,0,6,NULL,0,NULL),(96,'Total War: SHOGUN 2','Steam','Windows, Mac','34330','2012-07-15 00:00:00','2015-03-12 06:18:39',1,0,6,NULL,0,NULL),(97,'Homefront','Steam','Windows','55100','2012-07-15 00:00:00','2015-03-17 03:08:42',1,0,0,NULL,0,NULL),(98,'Sam & Max 101: Culture Shock','Steam','Windows','8200','2011-07-10 00:00:00','2015-03-12 06:18:36',1,0,6,NULL,0,NULL),(99,'Sam & Max 102: Situation: Comedy','Steam','Windows','8210','2011-07-10 00:00:00','2015-03-12 06:18:36',1,0,6,NULL,0,NULL),(100,'Sam & Max 103: The Mole, the Mob and the Meatball','Steam','Windows','8220','2011-07-10 00:00:00','2015-03-12 06:18:36',1,0,6,NULL,0,NULL),(101,'Sam & Max 104: Abe Lincoln Must Die!','Steam','Windows','8230','2011-07-10 00:00:00','2015-03-12 06:18:36',1,0,6,NULL,0,NULL),(102,'Sam & Max 105: Reality 2.0','Steam','Windows','8240','2011-07-10 00:00:00','2015-03-12 06:18:36',1,0,6,NULL,0,NULL),(103,'Sam & Max 106: Bright Side of the Moon','Steam','Windows','8250','2011-07-10 00:00:00','2015-03-12 06:18:36',1,0,6,NULL,0,NULL),(104,'Sam & Max: Season Two','Steam','Windows, Mac','901663','2011-07-10 00:00:00','2015-03-12 06:18:37',1,0,6,NULL,0,NULL),(105,'Sam & Max 201: Ice Station Santa','Steam','Windows, Mac','8260','2011-07-10 00:00:00','2015-03-12 06:18:36',1,0,6,NULL,0,NULL),(106,'Sam & Max 202: Moai Better Blues','Steam','Windows, Mac','8270','2011-07-10 00:00:00','2015-03-12 06:18:36',1,0,6,NULL,0,NULL),(107,'Sam & Max 203: Night of the Raving Dead','Steam','Windows, Mac','8280','2011-07-10 00:00:00','2015-03-12 06:18:36',1,0,6,NULL,0,NULL),(108,'Sam & Max 204: Chariots of the Dogs','Steam','Windows, Mac','8290','2011-07-10 00:00:00','2015-03-12 06:18:36',1,0,6,NULL,0,NULL),(109,'Sam & Max 205: What\'s New Beelzebub?','Steam','Windows, Mac','8300','2011-07-10 00:00:00','2015-03-12 06:18:36',1,0,6,NULL,0,NULL),(110,'Sam & Max: The Devil’s Playhouse','Steam','Windows, Mac','901399','2011-07-10 00:00:00','2015-03-12 06:18:37',1,0,6,NULL,0,NULL),(111,'Sam & Max 301: The Penal Zone','Steam','Windows, Mac','31220','2011-07-10 00:00:00','2015-03-12 06:18:36',1,0,6,NULL,0,NULL),(112,'Sam & Max 302: The Tomb of Sammun-Mak','Steam','Windows, Mac','31230','2011-07-10 00:00:00','2015-03-12 06:18:36',1,0,6,NULL,0,NULL),(113,'Sam & Max 303: They Stole Max\'s Brain!','Steam','Windows, Mac','31240','2011-07-10 00:00:00','2015-03-12 06:18:37',1,0,6,NULL,0,NULL),(114,'Sam & Max 304: Beyond the Alley of the Dolls','Steam','Windows, Mac','31250','2011-07-10 00:00:00','2015-03-12 06:18:37',1,0,6,NULL,0,NULL),(115,'Sam & Max 305: The City that Dares not Sleep','Steam','Windows, Mac','31260','2011-07-10 00:00:00','2015-03-12 06:18:37',1,0,6,NULL,0,NULL),(116,'BEEP','Steam','Windows','104200','2011-05-08 00:00:00','2015-03-17 03:08:57',1,0,0,NULL,0,NULL),(117,'Terraria','Steam','Windows','105600','2011-07-09 00:00:00','2015-03-12 06:18:38',1,0,6,NULL,0,NULL),(118,'Darksiders™','Steam','Windows','50620','2011-08-29 00:00:00','2015-03-12 06:18:31',1,0,6,NULL,0,NULL),(119,'Warhammer 40,000: Space Marine','Steam','Windows','55150','2011-08-29 00:00:00','2015-03-12 06:22:31',1,0,6,NULL,0,NULL),(120,'iBomber Defense','Steam','Windows, Mac','104000','2011-06-10 00:00:00','2015-03-12 06:18:33',1,0,6,NULL,0,NULL),(121,'Duke Nukem Forever','Steam','Windows, Mac','57900','2011-10-11 00:00:00','2015-03-12 06:18:31',1,0,6,NULL,0,NULL),(122,'Solar 2','Steam','Windows, Mac, Linux','97000','2013-12-23 00:00:00','2015-03-12 06:18:38',1,0,6,NULL,0,NULL),(123,'Rock of Ages','Steam','Windows','22230','2011-10-23 00:00:00','2015-03-12 06:18:36',1,0,6,NULL,0,NULL),(124,'Renegade Ops','Steam','Windows','99300','2011-11-23 00:00:00','2015-03-12 06:18:35',1,0,6,NULL,0,NULL),(125,'From Dust','Steam','Windows','33460','2011-08-19 00:00:00','2015-03-12 06:18:32',1,0,6,NULL,0,NULL),(126,'Space Pirates and Zombies','Steam','Windows, Mac, Linux','107200','2012-07-16 00:00:00','2015-03-12 06:18:38',1,0,6,NULL,0,NULL),(127,'Dungeons - The Dark Lord','Steam','Windows','200550','2011-12-26 00:00:00','2015-03-12 06:18:31',1,0,6,NULL,0,NULL),(128,'Demolition Inc.','Steam','Windows, Mac','98600','2011-11-27 00:00:00','2015-03-12 06:18:31',1,0,6,NULL,0,NULL),(129,'Sid Meier\'s Civilization® V','Steam','Windows, Mac, Linux','8930','2012-03-11 00:00:00','2015-03-12 06:18:37',1,0,6,NULL,0,NULL),(130,'Saints Row: The Third','Steam','Windows','55230','2012-12-01 00:00:00','2015-03-12 06:18:36',1,0,6,NULL,0,NULL),(131,'Orcs Must Die!','Steam','Windows','102600','2011-12-07 00:00:00','2015-03-12 06:18:34',1,0,6,NULL,0,NULL),(132,'RAGE','Steam','Windows','9200','2012-11-22 00:00:00','2015-03-12 06:18:35',1,0,6,NULL,0,NULL),(133,'Lightfish','Steam','Windows, Mac','116120','2011-11-20 00:00:00','2015-03-12 06:18:34',1,0,6,NULL,0,NULL),(134,'L.A. Noire','Steam','Windows','110800','2012-01-01 00:00:00','2015-03-12 06:18:34',1,0,6,NULL,0,NULL),(135,'Train Simulator 2015','Steam','Windows','24010','2012-07-18 00:00:00','2015-03-12 06:18:39',1,0,6,NULL,0,NULL),(136,'The Elder Scrolls V: Skyrim','Steam','Windows','72850','2011-12-25 00:00:00','2015-03-12 06:18:38',1,0,6,NULL,0,NULL),(137,'Rochard','Steam','Windows, Mac, Linux','107800','2012-03-16 00:00:00','2015-03-12 06:18:36',1,0,6,NULL,0,NULL),(138,'Sins of a Solar Empire®: Trinity','Steam','Windows','201290','2013-07-13 00:00:00','2015-03-12 06:18:37',1,0,6,NULL,0,NULL),(139,'Serious Sam 3: BFE','Steam','Windows, Mac, Linux','41070','2012-11-23 00:00:00','2015-03-12 06:18:37',1,0,6,NULL,0,NULL),(140,'Batman: Arkham City','Steam','Windows','57400','2012-07-17 00:00:00','2015-03-17 03:14:29',1,1,2,NULL,0,NULL),(141,'Batman: Arkham City - Game of the Year Edition','Steam','Windows, Mac','200260','2012-07-17 00:00:00','2015-03-17 03:14:34',1,1,2,NULL,0,NULL),(142,'Galactic Civilizations® II: Ultimate Edition','Steam','Windows','202200','2013-07-16 00:00:00','2015-03-12 06:25:44',0,0,6,NULL,0,NULL),(143,'Demigod','Steam','Windows','202710','2013-07-13 00:00:00','2015-03-12 06:18:31',1,0,6,NULL,0,NULL),(144,'X3: Terran Conflict','Steam','Windows, Mac, Linux','2820','2014-06-22 00:00:00','2015-03-12 06:22:31',1,0,6,NULL,0,NULL),(145,'X3: Albion Prelude','Steam','Windows, Mac, Linux','201310','2014-07-05 00:00:00','2015-03-12 06:22:31',1,0,6,NULL,0,NULL),(146,'Q.U.B.E.','Steam','Windows, Mac','203730','2012-07-15 00:00:00','2015-03-12 06:18:35',1,0,6,NULL,0,NULL),(147,'Q.U.B.E: Director\'s Cut','Steam','Windows','239430','2012-07-15 00:00:00','2015-03-12 06:18:35',1,0,6,NULL,0,NULL),(148,'Osmos','Steam','Windows, Mac, Linux','29180','2012-12-09 00:00:00','2015-03-12 06:18:35',1,0,6,NULL,0,NULL),(149,'EDGE','Steam','Windows, Mac, Linux','38740','2012-12-09 00:00:00','2015-03-12 06:18:31',1,0,6,NULL,0,NULL),(150,'Anomaly: Warzone Earth','Steam','Windows, Mac, Linux','91200','2012-12-09 00:00:00','2015-03-12 05:49:47',0,0,6,NULL,0,NULL),(151,'World of Goo','Steam','Windows, Mac, Linux','22000','2012-12-09 00:00:00','2015-03-12 06:22:31',1,0,6,NULL,0,NULL),(152,'Kingdoms of Amalur: Reckoning™','Steam','Windows','102500','2014-02-02 00:00:00','2015-03-12 06:18:34',1,0,6,NULL,0,NULL),(153,'Toki Tori','Steam','Windows, Mac, Linux','38700','2012-12-09 00:00:00','2015-03-12 06:26:20',0,0,6,NULL,0,NULL),(154,'The Darkness II','Steam','Windows, Mac','67370','2012-07-15 00:00:00','2015-03-12 06:18:38',1,0,6,NULL,0,NULL),(155,'Fallout: New Vegas','Steam','Windows','22380','2012-04-12 00:00:00','2015-03-12 06:18:32',1,0,6,NULL,0,NULL),(156,'Psychonauts','Steam','Windows, Mac, Linux','3830','2012-03-07 00:00:00','2015-03-12 06:18:35',1,0,6,NULL,0,NULL),(157,'Costume Quest','Steam','Windows, Mac, Linux','115100','2012-03-07 00:00:00','2015-03-12 06:18:30',1,0,6,NULL,0,NULL),(158,'Stacking','Steam','Windows, Mac, Linux','115110','2012-03-07 00:00:00','2015-03-12 06:18:38',1,0,6,NULL,0,NULL),(159,'Warp','Steam','Windows','102850','2013-07-13 00:00:00','2015-03-12 06:22:31',1,0,6,NULL,0,NULL),(160,'Sins of a Solar Empire®: Rebellion','Steam','Windows','204880','2012-11-23 00:00:00','2015-03-12 06:18:37',1,0,6,NULL,0,NULL),(161,'The Walking Dead','Steam','Windows, Mac','207610','2012-07-15 00:00:00','2015-03-12 06:18:39',1,0,6,NULL,0,NULL),(162,'Endless Space® - Emperor Edition','Steam','Windows, Mac','208140','2012-05-04 00:00:00','2015-03-12 06:18:31',1,0,6,NULL,0,NULL),(163,'Thief™ II: The Metal Age','Steam','Windows','211740','2012-10-07 00:00:00','2015-03-12 06:18:39',1,0,6,NULL,0,NULL),(164,'Ticket to Ride','Steam','Windows, Mac, Linux','108200','2012-11-23 00:00:00','2015-03-12 06:18:39',1,0,6,NULL,0,NULL),(165,'Tiny and Big: Grandpa\'s Leftovers','Steam','Windows, Mac, Linux','205910','2014-06-17 00:00:00','2015-03-12 06:18:39',1,0,6,NULL,0,NULL),(166,'Breath of Death VII','Steam','Windows','107300','2012-06-29 00:00:00','2015-03-17 03:19:02',1,1,0,NULL,0,NULL),(167,'Cthulhu Saves the World','Steam','Windows','107310','2012-06-29 00:00:00','2015-03-12 06:18:31',1,0,6,NULL,0,NULL),(168,'Penny Arcade\'s On the Rain-Slick Precipice of Darkness 3','Steam','Windows, Mac','213030','2012-06-29 00:00:00','2015-03-12 06:18:35',1,0,6,NULL,0,NULL),(169,'Spec Ops: The Line','Steam','Windows, Mac','50300','2013-05-05 00:00:00','2015-03-12 06:18:38',1,0,6,NULL,0,NULL),(170,'S.T.A.L.K.E.R.: Shadow of Chernobyl','Steam','Windows','4500','2012-07-18 00:00:00','2015-03-12 06:18:36',1,0,6,NULL,0,NULL),(171,'S.T.A.L.K.E.R.: Clear Sky','Steam','Windows','20510','2012-07-18 00:00:00','2015-03-12 06:18:36',1,0,6,NULL,0,NULL),(172,'S.T.A.L.K.E.R.: Call of Pripyat','Steam','Windows','41700','2012-07-18 00:00:00','2015-03-12 06:18:36',1,0,6,NULL,0,NULL),(173,'Fable III','Steam','Windows','105400','2012-07-19 00:00:00','2015-03-12 06:18:32',1,0,6,NULL,0,NULL),(174,'Fable - The Lost Chapters','Steam','Windows','204030','2012-07-19 00:00:00','2015-03-12 06:18:32',1,0,6,NULL,0,NULL),(175,'Tropico 4: Steam Special Edition','Steam','Windows, Mac','57690','2012-07-14 00:00:00','2015-03-12 06:18:39',1,0,6,NULL,0,NULL),(176,'Crysis Warhead®','Steam','Windows','17330','2012-07-20 00:00:00','2015-03-12 06:18:30',1,0,6,NULL,0,NULL),(177,'Crysis Wars','Steam','Windows','17340','2012-07-20 00:00:00','2015-03-12 06:18:31',1,0,6,NULL,0,NULL),(178,'Crysis 2 - Maximum Edition','Steam','Windows','108800','2012-07-20 00:00:00','2015-03-12 06:18:30',1,0,6,NULL,0,NULL),(179,'Prototype 2','Steam','Windows','115320','2012-10-29 00:00:00','2015-03-12 06:18:35',1,0,6,NULL,0,NULL),(180,'Sleeping Dogs','Steam','Windows','202170','2013-11-27 00:00:00','2015-03-12 06:18:37',1,0,6,NULL,0,NULL),(181,'Tower Wars','Steam','Windows, Mac','214360','2012-11-22 00:00:00','2015-03-12 06:18:39',1,0,6,NULL,0,NULL),(182,'Tower Wars Editor','Steam','Windows, Mac','234740','2012-11-22 00:00:00','2015-03-12 06:18:39',1,0,6,NULL,0,NULL),(183,'Thirty Flights of Loving','Steam','Windows, Mac','214700','2013-10-15 00:00:00','2015-03-12 06:18:39',1,0,6,NULL,0,NULL),(184,'Counter-Strike: Global Offensive','Steam','Windows, Mac, Linux','730','2014-08-11 00:00:00','2015-03-12 06:18:30',1,0,6,NULL,0,NULL),(185,'STAR WARS®: Knights of the Old Republic™ II','Steam','Windows','208580','2014-05-04 00:00:00','2015-03-12 06:18:38',1,0,6,NULL,0,NULL),(186,'Torchlight II','Steam','Windows, Mac, Linux','200710','2013-01-03 00:00:00','2015-03-12 06:18:39',1,0,6,NULL,0,NULL),(187,'Dishonored','Steam','Windows','205100','2012-12-22 00:00:00','2015-03-12 06:18:31',1,0,6,NULL,0,NULL),(188,'XCOM: Enemy Unknown','Steam','Windows, Mac, Linux','200510','2012-11-22 00:00:00','2015-03-12 06:22:31',1,0,6,NULL,0,NULL),(189,'Defender\'s Quest: Valley of the Forgotten','Steam','Windows, Mac, Linux','218410','2014-01-25 00:00:00','2015-03-12 06:18:31',1,0,6,NULL,0,NULL),(190,'Cargo Commander','Steam','Windows, Mac, Linux','220460','2013-09-13 00:00:00','2015-03-12 06:18:30',1,0,6,NULL,0,NULL),(191,'Towns','Steam','Windows, Mac, Linux','221020','2013-07-20 00:00:00','2015-03-12 06:18:39',1,0,6,NULL,0,NULL),(192,'Assassin’s Creed® III','Steam','Windows','208480','2013-10-09 00:00:00','2015-03-17 03:42:36',1,1,0,'Not beaten, but zero fucks are given',0,NULL),(193,'Far Cry 3','Steam','Windows','220240','2013-03-16 00:00:00','2015-03-12 06:18:32',1,0,6,NULL,0,NULL),(194,'Don\'t Starve','Steam','Windows, Mac, Linux','219740','2012-11-12 00:00:00','2015-03-12 06:18:31',1,0,6,NULL,0,NULL),(195,'Thomas Was Alone','Steam','Windows, Mac','220780','2013-11-27 00:00:00','2015-03-12 06:18:39',1,0,6,NULL,0,NULL),(196,'Little Inferno','Steam','Windows, Mac, Linux','221260','2013-03-14 00:00:00','2015-03-12 06:18:34',1,0,6,NULL,0,NULL),(197,'Hitman: Absolution™','Steam','Windows, Mac','203140','2013-07-14 00:00:00','2015-03-12 06:18:33',1,0,6,NULL,0,NULL),(198,'Hitman: Sniper Challenge','Steam','Windows, Mac','205930','2013-07-14 00:00:00','2015-03-12 06:18:33',1,0,6,NULL,0,NULL),(199,'Orcs Must Die! 2','Steam','Windows','201790','2013-12-27 00:00:00','2015-03-12 06:18:34',1,0,6,NULL,0,NULL),(200,'Company of Heroes','Steam','Windows','4560','2012-12-01 00:00:00','2015-03-11 05:52:39',2,2,6,NULL,0,NULL),(201,'Company of Heroes: Opposing Fronts','Steam','Windows','9340','2012-12-01 00:00:00','2015-03-11 05:52:39',2,2,6,NULL,0,NULL),(202,'Company of Heroes: Tales of Valor','Steam','Windows','20540','2012-12-01 00:00:00','2015-03-11 05:52:39',2,2,6,NULL,0,NULL),(203,'Metro 2033','Steam','Windows','43110','2012-12-01 00:00:00','2015-03-12 06:18:34',1,0,6,NULL,0,NULL),(204,'Red Faction®: Armageddon™','Steam','Windows','55110','2012-12-09 00:00:00','2015-03-12 06:18:35',1,0,6,NULL,0,NULL),(205,'Company of Heroes (New Steam Version)','Steam','Windows','228200','2012-12-01 00:00:00','2015-03-11 05:52:39',2,2,6,NULL,0,NULL),(206,'LEGO The Lord of the Rings','Steam','Windows','214510','2012-12-27 00:00:00','2015-03-12 06:18:34',1,0,6,NULL,0,NULL),(207,'Warhammer® 40,000: Dawn of War® - Game of the Year Edition','Steam','Windows','4570','2012-12-10 00:00:00','2015-03-12 06:22:31',1,0,6,NULL,0,NULL),(208,'Baldur\'s Gate: Enhanced Edition','Steam','Windows, Mac, Linux','228280','2013-07-19 00:00:00','2015-03-17 03:13:49',1,0,3,NULL,0,NULL),(209,'The Cave','Steam','Windows, Mac, Linux','221810','2013-03-26 00:00:00','2015-03-12 06:18:38',1,0,6,NULL,0,NULL),(210,'Tomb Raider','Steam','Windows, Mac','203160','2013-11-29 00:00:00','2015-03-12 06:18:39',1,0,6,NULL,0,NULL),(211,'DmC: Devil May Cry','Steam','Windows','220440','2013-10-11 00:00:00','2015-03-12 06:18:31',1,0,6,NULL,0,NULL),(212,'Euro Truck Simulator 2','Steam','Windows, Mac, Linux','227300','2013-07-18 00:00:00','2015-03-12 06:18:31',1,0,6,NULL,0,NULL),(213,'Omerta - City of Gangsters','Steam','Windows, Mac','208520','2013-04-04 00:00:00','2015-03-12 06:18:34',1,0,6,NULL,0,NULL),(214,'Proteus','Steam','Windows, Mac, Linux','219680','2014-01-06 00:00:00','2015-03-12 06:18:35',1,0,6,NULL,0,NULL),(215,'Antichamber','Steam','Windows, Mac, Linux','219890','2013-01-31 00:00:00','2015-03-17 03:11:25',1,1,2,NULL,0,NULL),(216,'Organ Trail: Director\'s Cut','Steam','Windows, Mac, Linux','233740','2014-08-17 00:00:00','2015-03-12 06:18:35',1,0,6,NULL,0,NULL),(217,'Castle Story','Steam','Windows, Mac, Linux','227860','2014-01-01 00:00:00','2015-03-12 06:18:30',1,0,6,NULL,0,NULL),(218,'Gnomoria','Steam','Windows','224500','2013-06-13 00:00:00','2015-03-12 06:18:33',1,0,6,NULL,0,NULL),(219,'Under the Ocean','Steam','Windows','227720','2013-03-29 00:00:00','2015-03-12 06:18:39',1,0,6,NULL,0,NULL),(220,'DLC Quest','Steam','Windows, Mac','230050','2013-11-27 00:00:00','2015-03-12 06:18:31',1,0,6,NULL,0,NULL),(221,'Prison Architect','Steam','Windows, Mac, Linux','233450','2013-07-20 00:00:00','2015-03-12 06:18:35',1,0,6,NULL,0,NULL),(222,'Kinetic Void','Steam','Windows, Mac, Linux','227160','2013-07-02 00:00:00','2015-03-12 06:18:34',1,0,6,NULL,0,NULL),(223,'StarForge','Steam','Windows','227680','2013-07-20 00:00:00','2015-03-12 06:18:38',1,0,6,NULL,0,NULL),(224,'Fallen Enchantress: Legendary Heroes','Steam','Windows','228260','2013-12-27 00:00:00','2015-03-12 06:18:32',1,0,6,NULL,0,NULL),(225,'Game of Thrones','Steam','Windows','208730','2014-10-10 00:00:00','2015-03-12 06:18:33',1,0,6,NULL,0,NULL),(226,'Surgeon Simulator 2013','Steam','Windows, Mac, Linux','233720','2013-04-19 00:00:00','2015-03-12 06:18:38',1,0,6,NULL,0,NULL),(227,'Call of Juarez® Gunslinger','Steam','Windows','204450','2013-10-17 00:00:00','2015-03-17 03:47:47',1,1,1,NULL,0,NULL),(228,'Poker Night 2','Steam','Windows, Mac','234710','2013-11-29 00:00:00','2015-03-12 06:18:35',1,0,6,NULL,0,NULL),(229,'Kerbal Space Program','Steam','Windows, Mac, Linux','220200','2013-06-13 00:00:00','2015-03-12 06:18:34',1,0,6,NULL,0,NULL),(230,'The Bureau: XCOM Declassified','Steam','Windows, Mac','65930','2013-10-03 00:00:00','2015-03-12 06:18:38',1,0,6,NULL,0,NULL),(231,'Reus','Steam','Windows','222730','2013-07-14 00:00:00','2015-03-12 06:18:36',1,0,6,NULL,0,NULL),(232,'Skyward Collapse','Steam','Windows, Mac, Linux','238890','2013-05-27 00:00:00','2015-03-12 06:18:37',1,0,6,NULL,0,NULL),(233,'Gunpoint','Steam','Windows, Mac, Linux','206190','2013-07-17 00:00:00','2015-03-12 06:18:33',1,0,6,NULL,0,NULL),(234,'Xenonauts','Steam','Windows','223830','2014-12-21 00:00:00','2015-03-12 06:26:20',0,0,6,NULL,0,NULL),(235,'Rogue Legacy','Steam','Windows, Mac, Linux','241600','2013-11-27 00:00:00','2015-03-12 06:18:36',1,0,6,NULL,0,NULL),(236,'Penny Arcade\'s On the Rain-Slick Precipice of Darkness 4','Steam','Windows','237570','2013-06-13 00:00:00','2015-03-12 06:25:44',0,0,6,NULL,0,NULL),(237,'Banished','Steam','Windows','242920','2014-03-15 00:00:00','2015-03-17 03:40:58',1,1,3,NULL,1,NULL),(238,'Planetary Annihilation','Steam','Windows, Mac, Linux','233250','2014-03-02 00:00:00','2015-03-12 06:18:35',1,0,6,NULL,0,NULL),(239,'Deadpool','Steam','Windows','224060','2013-12-01 00:00:00','2015-03-12 06:18:31',1,0,6,NULL,0,NULL),(240,'CastleStorm','Steam','Windows','241410','2013-12-28 00:00:00','2015-03-12 06:18:30',1,0,6,NULL,0,NULL),(241,'FINAL FANTASY VII','Steam','Windows','39140','2013-07-20 00:00:00','2015-03-12 06:18:32',1,0,6,NULL,0,NULL),(242,'Space Engineers','Steam','Windows','244850','2013-10-28 00:00:00','2015-03-12 06:18:38',1,0,6,NULL,0,NULL),(243,'Saints Row IV','Steam','Windows','206420','2013-10-01 00:00:00','2015-03-12 06:18:36',1,0,6,NULL,0,NULL),(244,'Viscera Cleanup Detail','Steam','Windows','246900','2014-06-24 00:00:00','2015-03-12 06:18:40',1,0,6,NULL,0,NULL),(245,'Viscera Cleanup Detail: Shadow Warrior','Steam','Windows','255520','2014-07-04 00:00:00','2015-03-12 06:22:31',1,0,6,NULL,0,NULL),(246,'Viscera Cleanup Detail: Santa\'s Rampage','Steam','Windows','265210','2014-07-06 00:00:00','2015-03-12 06:22:31',1,0,6,NULL,0,NULL),(247,'Lords of the Black Sun','Steam','Windows','246940','2014-06-29 00:00:00','2015-03-12 06:18:34',1,0,6,NULL,0,NULL),(248,'Cook, Serve, Delicious!','Steam','Windows, Mac, Linux','247020','2014-07-23 00:00:00','2015-03-12 06:18:30',1,0,6,NULL,0,NULL),(249,'Guacamelee! Gold Edition','Steam','Windows, Mac, Linux','214770','2013-11-04 00:00:00','2015-03-12 06:18:33',1,0,6,NULL,0,NULL),(250,'Papers, Please','Steam','Windows, Mac, Linux','239030','2013-09-13 00:00:00','2015-03-12 06:18:35',1,0,6,NULL,0,NULL),(251,'DuckTales: Remastered','Steam','Windows','237630','2014-12-19 00:00:00','2015-03-12 06:18:31',1,0,6,NULL,0,NULL),(252,'Craft The World','Steam','Windows, Mac','248390','2013-12-21 00:00:00','2015-03-12 06:18:30',1,0,6,NULL,0,NULL),(253,'PAYDAY 2','Steam','Windows','218620','2014-05-29 00:00:00','2015-03-12 06:18:35',1,0,6,NULL,0,NULL),(254,'Batman™: Arkham Origins','Steam','Windows','209000','2014-03-31 00:00:00','2015-03-17 03:44:44',1,1,0,'Did not finish, don\'t care',0,NULL),(255,'Game Dev Tycoon','Steam','Windows, Mac, Linux','239820','2013-10-31 00:00:00','2015-03-12 06:18:33',1,0,6,NULL,0,NULL),(256,'X Rebirth','Steam','Windows','2870','2014-12-29 00:00:00','2015-03-12 06:22:31',1,0,6,NULL,0,NULL),(257,'Europa Universalis IV','Steam','Windows, Mac, Linux','236850','2014-12-21 00:00:00','2015-03-12 06:18:32',1,0,6,NULL,0,NULL),(258,'METAL SLUG 3','Steam','Windows','250180','2014-02-04 00:00:00','2015-03-12 06:18:34',1,0,6,NULL,0,NULL),(259,'Agarest: Generations of War','Steam','Windows','237890','2014-06-20 00:00:00','2015-03-17 03:41:11',1,0,0,'Not beaten, but don\'t care',0,NULL),(260,'The Legend of Heroes: Trails in the Sky','Steam','Windows','251150','2014-12-23 00:00:00','2015-03-12 06:18:39',1,0,6,NULL,0,NULL),(261,'7 Days to Die','Steam','Windows, Mac, Linux','251570','2014-06-19 00:00:00','2015-04-17 12:56:52',1,0,1,'Not very engaging or intuitive, but was in Early Access at the time',1,NULL),(262,'Urban Trial Freestyle','Steam','Windows','243450','2014-02-18 00:00:00','2015-03-12 06:18:40',1,0,6,NULL,0,NULL),(263,'Assassin’s Creed® IV Black Flag™','Steam','Windows','242050','2014-05-29 00:00:00','2015-03-17 03:13:25',1,1,2,NULL,0,NULL),(264,'How to Survive','Steam','Windows','250400','2014-02-08 00:00:00','2015-03-12 06:18:33',1,0,6,NULL,0,NULL),(265,'Borderlands 2','Steam','Windows, Mac, Linux','49520','2014-08-21 00:00:00','2015-03-17 03:16:16',1,1,2,NULL,0,NULL),(266,'Democracy 3','Steam','Windows, Mac, Linux','245470','2014-02-07 00:00:00','2015-03-12 06:18:31',1,0,6,NULL,0,NULL),(267,'Spacebase DF-9','Steam','Windows, Mac, Linux','246090','2013-10-22 00:00:00','2015-03-12 06:18:38',1,0,6,NULL,0,NULL),(268,'The Stanley Parable','Steam','Windows, Mac','221910','2013-10-18 00:00:00','2015-03-12 06:18:39',1,0,6,NULL,0,NULL),(269,'The Walking Dead: Season 2','Steam','Windows, Mac','261030','2015-01-27 00:00:00','2015-03-12 06:18:39',1,0,6,NULL,0,NULL),(270,'Grimm','Steam','Windows','252150','2014-01-07 00:00:00','2015-03-12 06:18:33',1,0,6,NULL,0,NULL),(271,'Lichdom: Battlemage','Steam','Windows','261760','2014-06-29 00:00:00','2015-03-12 06:18:34',1,0,6,NULL,0,NULL),(272,'Age of Empires® III: Complete Collection','Steam','Windows','105450','2014-01-02 00:00:00','2015-03-17 03:11:08',1,1,1,NULL,0,NULL),(273,'Age of Empires II HD','Steam','Windows','221380','2014-01-02 00:00:00','2015-03-17 03:11:01',1,1,2,NULL,0,NULL),(274,'Turbo Dismount™','Steam','Windows, Mac','263760','2014-07-23 00:00:00','2015-03-12 06:18:39',1,0,6,NULL,0,NULL),(275,'Out of the Park Baseball 14','Steam','Windows, Mac, Linux','263840','2014-07-23 00:00:00','2015-03-12 06:18:35',1,0,6,NULL,0,NULL),(276,'Epic Battle Fantasy 4','Steam','Windows','265610','2014-06-22 00:00:00','2015-03-12 06:18:31',1,0,6,NULL,0,NULL),(277,'Goat Simulator','Steam','Windows, Mac, Linux','265930','2014-06-26 00:00:00','2015-03-12 06:18:33',1,0,6,NULL,0,NULL),(278,'Age of Mythology: Extended Edition','Steam','Windows','266840','2014-09-03 00:00:00','2015-03-17 03:11:20',1,1,1,NULL,0,NULL),(279,'LocoCycle','Steam','Windows','224040','2014-08-29 00:00:00','2015-03-12 06:18:34',1,0,6,NULL,0,NULL),(280,'Car Mechanic Simulator 2014','Steam','Windows, Mac','270850','2014-03-02 00:00:00','2015-03-12 06:18:30',1,0,6,NULL,0,NULL),(281,'METAL GEAR RISING: REVENGEANCE','Steam','Windows, Mac','235460','2014-08-14 00:00:00','2015-03-12 06:18:34',1,0,6,NULL,0,NULL),(282,'Next Car Game: Wreckfest','Steam','Windows','228380','2014-11-28 00:00:00','2015-03-12 06:18:34',1,0,6,NULL,0,NULL),(283,'Next Car Game Sneak Peek 2.0','Steam','Windows','272860','2015-01-06 00:00:00','2015-03-12 06:18:34',1,0,6,NULL,0,NULL),(284,'Broforce','Steam','Windows, Mac','274190','2014-06-28 00:00:00','2015-03-17 03:17:33',1,1,4,NULL,0,NULL),(285,'Planet Explorers','Steam','Windows, Mac, Linux','237870','2014-06-23 00:00:00','2015-03-12 06:18:35',1,0,6,NULL,0,NULL),(286,'Mount & Blade: Warband','Steam','Windows, Mac, Linux','48700','2014-12-28 00:00:00','2015-03-12 06:18:34',1,0,6,NULL,0,NULL),(287,'Rise of Nations: Extended Edition','Steam','Windows','287450','2014-08-29 00:00:00','2015-03-12 06:18:36',1,0,6,NULL,0,NULL),(288,'Life is Feudal: Your Own','Steam','Windows','290080','2014-10-05 00:00:00','2015-03-12 06:18:34',1,0,6,NULL,0,NULL),(289,'Arma 2','Steam','Windows','33910','2014-06-08 00:00:00','2015-03-17 03:12:12',1,1,1,NULL,0,NULL),(290,'Arma 2: Operation Arrowhead','Steam','Windows','33930','2014-06-08 00:00:00','2015-03-17 03:12:24',1,1,1,NULL,0,NULL),(291,'Arma 2: British Armed Forces','Steam','Windows','65700','2014-05-15 00:00:00','2015-03-17 03:12:24',1,1,1,NULL,0,NULL),(292,'Arma 2: Private Military Company','Steam','Windows','65720','2014-05-15 00:00:00','2015-03-17 03:12:24',1,1,1,NULL,0,NULL),(293,'Arma 2: Operation Arrowhead Beta (Obsolete)','Steam','Windows','219540','2014-06-08 00:00:00','2015-03-17 03:12:24',1,1,1,NULL,0,NULL),(294,'Arma II: DayZ Mod','Steam','Windows','224580','2014-05-15 00:00:00','2015-03-17 03:12:43',1,1,1,NULL,0,NULL),(295,'Galactic Civilizations® III','Steam','Windows','226860','2015-03-02 00:00:00','2015-03-12 06:25:44',0,0,6,NULL,0,NULL),(296,'Wolfenstein: The New Order','Steam','Windows','201810','2014-06-28 00:00:00','2015-03-12 06:22:31',1,0,6,NULL,0,NULL),(297,'Endless Legend™','Steam','Windows, Mac','289130','2014-11-28 00:00:00','2015-03-12 06:18:31',1,0,6,NULL,0,NULL),(298,'The Escapists','Steam','Windows','298630','2014-12-22 00:00:00','2015-03-12 06:18:38',1,0,6,NULL,0,NULL),(299,'BattleBlock Theater®','Steam','Windows, Linux','238460','2014-12-29 00:00:00','2015-03-17 03:15:25',1,1,3,NULL,0,NULL),(300,'Shadowrun: Dragonfall - Director\'s Cut','Steam','Windows, Mac, Linux','300550','2014-11-28 00:00:00','2015-03-12 06:18:37',1,0,6,NULL,0,NULL),(301,'FINAL FANTASY® XIII','Steam','Windows','292120','2014-12-29 00:00:00','2015-03-12 06:25:43',0,0,6,NULL,0,NULL),(302,'The Witcher Adventure Game','Steam','Windows, Mac','303800','2014-11-28 00:00:00','2015-03-12 06:18:39',1,0,6,NULL,0,NULL),(303,'Watch_Dogs™','Steam','Windows','243470','2014-12-28 00:00:00','2015-03-12 06:22:31',1,0,6,NULL,0,NULL),(304,'Ultimate General: Gettysburg','Steam','Windows, Mac, Linux','306660','2015-01-02 00:00:00','2015-03-12 06:18:39',1,0,6,NULL,0,NULL),(305,'Hatoful Boyfriend','Steam','Windows, Mac, Linux','310080','2014-12-29 00:00:00','2015-03-12 06:18:33',1,0,6,NULL,0,NULL),(306,'Wasteland 2','Steam','Windows, Mac, Linux','240760','2014-12-30 00:00:00','2015-03-12 06:22:31',1,0,6,NULL,0,NULL),(307,'Wasteland 1 - The Original Classic','Steam','Windows, Mac, Linux','259130','2014-12-30 00:00:00','2015-03-12 06:22:31',1,0,6,NULL,0,NULL),(308,'The Expendabros','Steam','Windows, Mac','312990','2014-09-06 00:00:00','2015-03-12 06:18:38',1,0,6,NULL,0,NULL),(309,'Invisible, Inc.','Steam','Windows, Mac','243970','2015-01-01 00:00:00','2015-03-12 06:25:44',0,0,6,NULL,0,NULL),(310,'Sid Meier\'s Civilization®: Beyond Earth™','Steam','Windows, Mac, Linux','65980','2014-11-28 00:00:00','2015-03-12 06:18:37',1,0,6,NULL,0,NULL),(311,'Middle-earth™: Shadow of Mordor™','Steam','Windows','241930','2015-03-07 00:00:00','2015-03-19 04:18:58',1,1,2,'Not beaten, but fuck forced stealth and unkillable orcs until the arbitrary skill is unlocked. If I can get to an orc, I should be able to kill it.',0,NULL),(312,'TransOcean - The Shipping Company','Steam','Windows, Mac','289930','2014-12-20 00:00:00','2015-03-12 06:18:39',1,0,6,NULL,0,NULL),(313,'Valkyria Chronicles™','Steam','Windows','294860','2015-01-31 00:00:00','2015-03-12 06:26:20',0,0,6,NULL,0,NULL),(314,'This War of Mine','Steam','Windows, Mac, Linux','282070','2014-12-29 00:00:00','2015-03-12 06:18:39',1,0,6,NULL,0,NULL),(315,'Grand Theft Auto: San Andreas','Steam','Windows','12120','2015-01-19 00:00:00','2015-03-12 06:18:33',1,0,6,NULL,0,NULL),(316,'Grand Theft Auto: San Andreas','Steam','Mac','12250','2015-01-19 00:00:00','2015-03-12 06:18:33',1,0,6,NULL,0,NULL),(317,'Besiege','Steam','Windows, Mac, Linux','346010','2015-03-03 00:00:00','2015-03-17 03:48:40',1,0,4,NULL,1,NULL),(318,'Medieval Engineers','Steam','Windows','333950','2015-02-11 00:00:00','2015-03-12 05:28:15',1,2,6,NULL,0,NULL),(319,'Alan Wake\'s American Nightmare','GOG.com','Windows','1207659038','2012-11-21 00:00:00','2015-03-12 05:49:47',0,0,6,NULL,0,NULL),(320,'Aqua Kitty: Milk Mine Defender','GOG.com','Windows','1207660053','2014-03-15 00:00:00','2015-03-12 05:49:47',0,0,6,NULL,0,NULL),(321,'Arcanum: Of Steamworks and Magick Obscura','GOG.com','Windows','1207658829','2014-05-14 00:00:00','2015-03-12 05:49:47',0,0,6,NULL,0,NULL),(322,'Avernum: The Complete Saga','GOG.com','Windows, Mac','1207659156','2014-03-15 00:00:00','2015-03-12 05:49:47',0,0,6,NULL,0,NULL),(323,'Back to the Future: The Game','GOG.com','Windows','1207659097','2013-03-15 00:00:00','2015-03-12 05:49:47',0,0,6,NULL,0,NULL),(324,'Ball, The','GOG.com','Windows','1207659086','2012-11-21 00:00:00','2015-03-17 03:14:03',1,0,3,NULL,0,NULL),(325,'Battle Worlds: Kronos','GOG.com','Windows, Mac, Linux','1207660124','2014-05-12 00:00:00','2015-03-17 03:45:23',1,0,1,'I think I stopped playing because it was designed to be difficult, not quite sure',0,NULL),(326,'Beneath a Steel Sky','GOG.com','Windows, Mac','1207658695','2011-10-14 00:00:00','2015-03-12 05:49:47',0,0,6,NULL,0,NULL),(327,'Beyond Good & Evil™','GOG.com','Windows','1207658746','2013-11-14 00:00:00','2015-03-12 05:49:47',0,0,6,NULL,0,NULL),(328,'Blood: One Unit Whole Blood','GOG.com','Windows','1207658856','2011-10-14 00:00:00','2015-03-17 03:15:55',1,1,0,NULL,0,NULL),(329,'Broken Age Season Pass','GOG.com','Windows, Mac, Linux','1207662943','2014-05-12 00:00:00','2015-03-12 05:49:47',0,0,6,NULL,0,NULL),(330,'Brutal Legend','GOG.com','Windows, Mac, Linux','1207659253','2013-11-13 00:00:00','2015-03-17 03:17:19',1,1,0,NULL,0,NULL),(331,'Call to Power 2','GOG.com','Windows','1207658838','2014-01-20 00:00:00','2015-03-12 06:25:43',0,0,6,NULL,0,NULL),(332,'Chronicles of Riddick: Assault on Dark Athena, The','GOG.com','Windows','1207659070','2012-10-26 00:00:00','2015-03-12 06:18:30',1,0,6,NULL,0,NULL),(333,'Consortium: Master Edition, The','GOG.com','Windows','1207664203','2014-06-17 00:00:00','2015-03-12 06:25:43',0,0,6,NULL,0,NULL),(334,'Crusader: No Regret™','GOG.com','Windows, Mac','1207658982','2012-11-02 00:00:00','2015-03-12 06:18:30',1,0,6,NULL,0,NULL),(335,'Crusader: No Remorse™','GOG.com','Windows, Mac','1207658933','2012-10-19 00:00:00','2015-03-12 06:18:30',1,0,6,NULL,0,NULL),(336,'Deponia','GOG.com','Windows, Mac, Linux','1207659103','2013-03-15 00:00:00','2015-03-12 06:26:32',1,0,6,NULL,0,NULL),(337,'Divinity: Dragon Commander','GOG.com','Windows','1207659263','2014-05-14 00:00:00','2015-03-12 06:25:43',0,0,6,NULL,0,NULL),(338,'Dragonsphere','GOG.com','Windows, Mac, Linux','1207658927','2011-10-14 00:00:00','2015-03-12 06:25:43',0,0,6,NULL,0,NULL),(339,'Duke Nukem 3D Atomic Edition','GOG.com','Windows, Mac, Linux','1207658730','2014-03-15 00:00:00','2015-03-12 06:18:31',1,0,6,NULL,0,NULL),(340,'Dungeon Keeper™ 2','GOG.com','Windows','1207658959','2014-06-18 00:00:00','2015-03-12 06:25:43',0,0,6,NULL,0,NULL),(341,'Dungeon Keeper Gold™','GOG.com','Windows, Mac','1207658934','2014-06-18 00:00:00','2015-03-12 06:25:43',0,0,6,NULL,0,NULL),(342,'Eador. Masters of the Broken World','GOG.com','Windows','1207659194','2013-11-14 00:00:00','2015-03-12 06:18:31',1,0,6,NULL,0,NULL),(343,'Empire Earth 2 Gold Edition','GOG.com','Windows','1207658844','2014-03-10 00:00:00','2015-03-12 06:18:31',1,0,6,NULL,0,NULL),(344,'Empire Earth 3','GOG.com','Windows','1207658859','2014-03-10 00:00:00','2015-03-12 06:18:31',1,0,6,NULL,0,NULL),(345,'Empire Earth Gold Edition','GOG.com','Windows','1207658777','2014-03-10 00:00:00','2015-03-12 06:18:31',1,0,6,NULL,0,NULL),(346,'Evil Genius','GOG.com','Windows, Mac','1207658775','2014-03-10 00:00:00','2015-03-12 06:18:32',1,0,6,NULL,0,NULL),(347,'Evoland','GOG.com','Windows, Mac','1207659200','2013-11-13 00:00:00','2015-03-12 06:18:32',1,0,6,NULL,0,NULL),(348,'FRACT OSC','GOG.com','Windows, Mac','1207664153','2014-06-17 00:00:00','2015-03-12 06:18:32',1,0,6,NULL,0,NULL),(349,'FTL: Advanced Edition','GOG.com','Windows, Mac, Linux','1207659102','2013-06-18 00:00:00','2015-03-12 06:18:33',1,0,6,NULL,0,NULL),(350,'Geneforge Saga','GOG.com','Windows, Mac','1207659067','2014-03-14 00:00:00','2015-03-12 06:25:44',0,0,6,NULL,0,NULL),(351,'Giana Sisters: Rise of the Owlverlord','GOG.com','Windows','1207659843','2014-03-14 00:00:00','2015-03-12 06:25:44',0,0,6,NULL,0,NULL),(352,'Halfway','GOG.com','Windows, Mac, Linux','1207666533','2015-03-06 00:00:00','2015-03-12 06:25:44',0,0,6,NULL,0,NULL),(353,'Hotline Miami','GOG.com','Windows, Mac, Linux','1207659118','2013-06-21 00:00:00','2015-03-12 06:18:33',1,0,6,NULL,0,NULL),(354,'I Have No Mouth And I Must Scream','GOG.com','Windows, Mac','1207659593','2014-03-15 00:00:00','2015-03-12 06:25:44',0,0,6,NULL,0,NULL),(355,'Jazzpunk','GOG.com','Windows, Mac','1207660673','2014-06-18 00:00:00','2015-03-12 06:18:33',1,0,6,NULL,0,NULL),(356,'Judge Dredd: Dredd vs Death','GOG.com','Windows','1207658779','2014-03-10 00:00:00','2015-03-12 06:25:44',0,0,6,NULL,0,NULL),(357,'King of Dragon Pass','GOG.com','Windows','1207659096','2013-11-18 00:00:00','2015-03-12 06:18:34',1,0,6,NULL,0,NULL),(358,'King\'s Bounty: Crossworlds GOTY','GOG.com','Windows','1207659154','2013-03-15 00:00:00','2015-03-12 06:18:34',1,0,6,NULL,0,NULL),(359,'Long Live the Queen','GOG.com','Windows, Mac, Linux','1207659933','2014-05-16 00:00:00','2015-03-12 06:25:44',0,0,6,NULL,0,NULL),(360,'Lucius','GOG.com','Windows','1207659128','2013-03-15 00:00:00','2015-03-12 06:18:34',1,0,6,NULL,0,NULL),(361,'Lure of the Temptress','GOG.com','Windows, Mac','1207658694','2011-10-14 00:00:00','2015-03-12 06:25:44',0,0,6,NULL,0,NULL),(362,'Magic Carpet Plus™','GOG.com','Windows, Mac','1207658935','2012-11-02 00:00:00','2015-03-12 06:26:32',1,0,6,NULL,0,NULL),(363,'Magrunner: Dark Pulse','GOG.com','Windows','1207659236','2014-03-14 00:00:00','2015-03-12 06:25:44',0,0,6,NULL,0,NULL),(364,'Mount & Blade','GOG.com','Windows','1207666893','2014-11-12 00:00:00','2015-03-12 06:25:44',0,0,6,NULL,0,NULL),(365,'Neverwinter Nights 2 Complete','GOG.com','Windows','1207659162','2013-06-21 00:00:00','2015-03-12 06:18:34',1,0,6,NULL,0,NULL),(366,'Octodad: Dadliest Catch','GOG.com','Windows, Mac, Linux','1207660553','2014-06-18 00:00:00','2015-03-12 06:25:44',0,0,6,NULL,0,NULL),(367,'Penumbra Collection, The','GOG.com','Windows, Mac','1207659255','2014-03-15 00:00:00','2015-03-12 06:25:44',0,0,6,NULL,0,NULL),(368,'Pharaoh + Cleopatra','GOG.com','Windows','1207659046','2014-01-20 00:00:00','2015-03-12 06:25:44',0,0,6,NULL,0,NULL),(369,'PixelJunk Shooter','GOG.com','Windows, Mac, Linux','1207660104','2014-05-16 00:00:00','2015-03-12 06:25:45',0,0,6,NULL,0,NULL),(370,'Puddle','GOG.com','Windows, Mac','1207659122','2013-03-15 00:00:00','2015-03-12 06:18:35',1,0,6,NULL,0,NULL),(371,'Red Faction 2','GOG.com','Windows','1207660613','2014-06-13 00:00:00','2015-03-12 06:18:35',1,0,6,NULL,0,NULL),(372,'Retro City Rampage DX','GOG.com','Windows, Mac','1207659049','2014-06-13 00:00:00','2015-03-12 06:18:36',1,0,6,NULL,0,NULL),(373,'Rise of the Triad (2013)','GOG.com','Windows','1207659244','2013-11-14 00:00:00','2015-03-12 06:18:36',1,0,6,NULL,0,NULL),(374,'Risen','GOG.com','Windows','1207663153','2014-06-18 00:00:00','2015-03-12 06:25:45',0,0,6,NULL,0,NULL),(375,'Risen 2: Dark Waters','GOG.com','Windows','1207663193','2014-06-18 00:00:00','2015-03-12 06:25:45',0,0,6,NULL,0,NULL),(376,'RollerCoaster Tycoon: Deluxe','GOG.com','Windows','1207658945','2014-06-18 00:00:00','2015-03-12 06:25:45',0,0,6,NULL,0,NULL),(377,'S2: Silent Storm Gold Edition','GOG.com','Windows','1207659058','2014-05-12 00:00:00','2015-03-12 06:25:45',0,0,6,NULL,0,NULL),(378,'Shadowrun Returns','GOG.com','Windows, Mac, Linux','1207660413','2014-05-13 00:00:00','2015-03-12 06:18:37',1,0,6,NULL,0,NULL),(379,'Sid Meier\'s Alpha Centauri™ Planetary Pack','GOG.com','Windows, Mac','1207658936','2012-11-02 00:00:00','2015-03-12 06:18:37',1,0,6,NULL,0,NULL),(380,'SimCity™ 2000 Special Edition','GOG.com','Windows, Mac','1207658969','2014-06-18 00:00:00','2015-03-12 06:18:37',1,0,6,NULL,0,NULL),(381,'Sir, You Are Being Hunted','GOG.com','Windows, Mac, Linux','1207664303','2014-06-17 00:00:00','2015-03-12 06:26:32',1,0,6,NULL,0,NULL),(382,'Smugglers V','GOG.com','Windows, Mac','1207659873','2014-03-14 00:00:00','2015-03-12 06:18:38',1,0,6,NULL,0,NULL),(383,'Spacechem','GOG.com','Windows, Mac, Linux','1207659018','2012-11-21 00:00:00','2015-03-12 06:18:38',1,0,6,NULL,0,NULL),(384,'Spellforce Platinum','GOG.com','Windows','1207658719','2013-11-13 00:00:00','2015-03-12 06:25:45',0,0,6,NULL,0,NULL),(385,'STAR WARS®: TIE Fighter (1994)','GOG.com','Windows','1207666403','2015-03-04 00:00:00','2015-03-12 06:25:45',0,0,6,NULL,0,NULL),(386,'STAR WARS®: TIE Fighter (1998)','GOG.com','Windows','1207666413','2015-03-04 00:00:00','2015-03-12 06:25:45',0,0,6,NULL,0,NULL),(387,'Startopia','GOG.com','Windows','1207659100','2013-11-15 00:00:00','2015-03-12 06:25:45',0,0,6,NULL,0,NULL),(388,'Still Life 2','GOG.com','Windows','1207659007','2014-06-24 00:00:00','2015-03-12 06:25:45',0,0,6,NULL,0,NULL),(389,'Strike Suit Zero','GOG.com','Windows, Mac','1207659161','2013-06-21 00:00:00','2015-03-12 06:18:38',1,0,6,NULL,0,NULL),(390,'Stronghold Crusader HD','GOG.com','Windows, Mac','1207658713','2014-03-10 00:00:00','2015-03-12 06:18:38',1,0,6,NULL,0,NULL),(391,'Symphony','GOG.com','Windows','1207659079','2012-11-21 00:00:00','2015-03-12 06:18:38',1,0,6,NULL,0,NULL),(392,'System Shock™ 2','GOG.com','Windows, Mac','1207659172','2013-11-15 00:00:00','2015-03-12 06:18:38',1,0,6,NULL,0,NULL),(393,'Tales From Space: Mutant Blobs Attack','GOG.com','Windows','1207659523','2014-03-14 00:00:00','2015-03-12 06:26:20',0,0,6,NULL,0,NULL),(394,'Teenagent','GOG.com','Windows, Mac','1207658753','2011-10-14 00:00:00','2015-03-12 06:26:20',0,0,6,NULL,0,NULL),(395,'Theme Hospital','GOG.com','Windows, Mac','1207659026','2012-10-19 00:00:00','2015-03-12 06:18:39',1,0,6,NULL,0,NULL),(396,'Tyrian 2000','GOG.com','Windows, Mac','1207658901','2011-10-14 00:00:00','2015-03-12 06:26:20',0,0,6,NULL,0,NULL),(397,'Unmechanical','GOG.com','Windows','1207659087','2012-11-21 00:00:00','2015-03-12 06:18:39',1,0,6,NULL,0,NULL),(398,'Unreal 2: The Awakening Special Edition','GOG.com','Windows','1207658677','2014-06-18 00:00:00','2015-03-12 06:18:39',1,0,6,NULL,0,NULL),(399,'Unreal Gold','GOG.com','Windows','1207658679','2014-06-18 00:00:00','2015-03-12 06:26:20',0,0,6,NULL,0,NULL),(400,'Unreal Tournament 2004 Editor\'s Choice Edition','GOG.com','Windows','1207658691','2014-06-18 00:00:00','2015-03-12 06:18:39',1,0,6,NULL,0,NULL),(401,'Unreal Tournament GOTY','GOG.com','Windows','1207658692','2014-06-18 00:00:00','2015-03-12 06:18:40',1,0,6,NULL,0,NULL),(402,'Zafehouse: Diaries','GOG.com','Windows','1207659171','2014-06-17 00:00:00','2015-03-12 06:26:20',0,0,6,NULL,0,NULL),(403,'Zeus + Poseidon (Acropolis)','GOG.com','Windows','1207659039','2014-01-20 00:00:00','2015-03-12 06:26:20',0,0,6,NULL,0,NULL),(404,'Crysis','Steam','Windows','17300','2012-07-20 00:00:00','2015-03-12 05:48:23',1,1,6,NULL,0,NULL),(405,'BioShock Infinite','Steam','Windows, Mac','8870','2013-05-23 00:00:00','2015-03-17 03:15:45',1,1,2,NULL,0,NULL),(406,'Deus Ex: Human Revolution','Steam','Windows, Mac','28050','2012-03-23 00:00:00','2015-03-12 05:48:23',1,1,6,NULL,0,NULL),(407,'Sid Meier\'s Civilization IV: Beyond the Sword','Steam','Windows, Mac','34460','2012-07-21 00:00:00','2015-03-12 05:48:23',1,1,6,NULL,0,NULL),(408,'Redshirt','Steam','Windows, Mac, Linux','247870','2014-01-27 00:00:00','2015-03-12 05:26:20',1,2,6,NULL,0,NULL),(409,'Medieval Engineers - Mod SDK','Steam','Windows','349110','2015-02-11 00:00:00','2015-03-12 05:28:15',1,2,6,NULL,0,NULL),(410,'XCOM: Enemy Within','Steam','Windows, Mac, Linux','225340','2014-05-22 00:00:00','2015-03-13 05:48:46',0,0,6,NULL,0,NULL),(411,'Minecraft','Mojang','Windows, Mac, Linux',NULL,'2011-02-05 00:00:00','2015-04-17 13:15:47',1,0,6,NULL,1,NULL),(412,'Factorio',NULL,'Windows, Mac, Linux',NULL,'2015-03-15 05:35:18','2015-04-17 13:15:25',1,0,6,NULL,1,NULL),(413,'Crashtastic',NULL,NULL,NULL,'2015-03-15 05:35:25','2015-04-17 13:16:51',1,0,6,NULL,0,NULL),(414,'Far Cry 3: Blood Dragon','GameStop App',NULL,NULL,'2015-03-15 05:37:02','2015-04-17 13:18:08',1,0,6,NULL,0,NULL),(415,'Call of Juarez: Gunslinger','GameStop App',NULL,NULL,'2015-03-15 05:37:17','2015-04-17 13:17:41',2,0,6,NULL,0,NULL),(416,'World of Warcraft','Blizzard','Windows, Mac',NULL,'2006-01-10 00:00:00','2015-04-17 13:15:59',1,0,NULL,NULL,1,NULL),(417,'Sid Meier\'s Railroads','Steam','Windows','7600','2015-03-23 07:44:08','2015-03-23 07:47:02',1,1,3,'Run with 3GB+ enabler: http://smrsimple.com/2010/11/simple-guide-to-the-3gb-enabler/',0,NULL);
/*!40000 ALTER TABLE `game_entity` ENABLE KEYS */;
UNLOCK TABLES;

--
-- Table structure for table `game_entity_platform`
--

DROP TABLE IF EXISTS `game_entity_platform`;
/*!40101 SET @saved_cs_client     = @@character_set_client */;
/*!40101 SET character_set_client = utf8 */;
CREATE TABLE `game_entity_platform` (
  `game_entity_id` int(11) NOT NULL,
  `platform_id` int(11) NOT NULL,
  PRIMARY KEY (`game_entity_id`,`platform_id`),
  KEY `platform_id_idx` (`platform_id`),
  CONSTRAINT `game_entity_id` FOREIGN KEY (`game_entity_id`) REFERENCES `game_entity` (`id`) ON DELETE CASCADE ON UPDATE CASCADE,
  CONSTRAINT `platform_id` FOREIGN KEY (`platform_id`) REFERENCES `platform` (`id`) ON DELETE CASCADE ON UPDATE CASCADE
) ENGINE=InnoDB DEFAULT CHARSET=utf8;
/*!40101 SET character_set_client = @saved_cs_client */;

--
-- Dumping data for table `game_entity_platform`
--

LOCK TABLES `game_entity_platform` WRITE;
/*!40000 ALTER TABLE `game_entity_platform` DISABLE KEYS */;
INSERT INTO `game_entity_platform` VALUES (1,1),(2,1),(3,1),(5,1),(6,1),(7,1),(8,1),(9,1),(10,1),(11,1),(12,1),(13,1),(14,1),(15,1),(16,1),(19,1),(21,1),(25,1),(26,1),(27,1),(28,1),(29,1),(30,1),(31,1),(32,1),(34,1),(35,1),(36,1),(83,1),(95,1),(122,1),(126,1),(129,1),(137,1),(139,1),(144,1),(145,1),(148,1),(149,1),(150,1),(151,1),(153,1),(156,1),(157,1),(158,1),(164,1),(165,1),(184,1),(186,1),(188,1),(189,1),(190,1),(191,1),(194,1),(196,1),(208,1),(209,1),(212,1),(214,1),(215,1),(216,1),(217,1),(221,1),(222,1),(226,1),(229,1),(232,1),(233,1),(235,1),(238,1),(248,1),(249,1),(250,1),(255,1),(257,1),(261,1),(265,1),(266,1),(267,1),(275,1),(277,1),(285,1),(286,1),(299,1),(300,1),(304,1),(305,1),(306,1),(307,1),(310,1),(314,1),(317,1),(325,1),(329,1),(330,1),(336,1),(338,1),(339,1),(349,1),(352,1),(353,1),(359,1),(366,1),(369,1),(378,1),(381,1),(383,1),(408,1),(410,1),(411,1),(412,1),(1,2),(2,2),(3,2),(5,2),(6,2),(7,2),(8,2),(9,2),(10,2),(11,2),(12,2),(13,2),(14,2),(15,2),(16,2),(17,2),(18,2),(19,2),(21,2),(25,2),(26,2),(27,2),(28,2),(29,2),(30,2),(31,2),(32,2),(33,2),(34,2),(35,2),(36,2),(37,2),(52,2),(53,2),(54,2),(55,2),(56,2),(61,2),(69,2),(70,2),(71,2),(72,2),(73,2),(74,2),(77,2),(83,2),(95,2),(96,2),(104,2),(105,2),(106,2),(107,2),(108,2),(109,2),(110,2),(111,2),(112,2),(113,2),(114,2),(115,2),(120,2),(121,2),(122,2),(126,2),(128,2),(129,2),(133,2),(137,2),(139,2),(141,2),(144,2),(145,2),(146,2),(148,2),(149,2),(150,2),(151,2),(153,2),(154,2),(156,2),(157,2),(158,2),(161,2),(162,2),(164,2),(165,2),(168,2),(169,2),(175,2),(181,2),(182,2),(183,2),(184,2),(186,2),(188,2),(189,2),(190,2),(191,2),(194,2),(195,2),(196,2),(197,2),(198,2),(208,2),(209,2),(210,2),(212,2),(213,2),(214,2),(215,2),(216,2),(217,2),(220,2),(221,2),(222,2),(226,2),(228,2),(229,2),(230,2),(232,2),(233,2),(235,2),(238,2),(248,2),(249,2),(250,2),(252,2),(255,2),(257,2),(261,2),(265,2),(266,2),(267,2),(268,2),(269,2),(274,2),(275,2),(277,2),(280,2),(281,2),(284,2),(285,2),(286,2),(297,2),(300,2),(302,2),(304,2),(305,2),(306,2),(307,2),(308,2),(309,2),(310,2),(312,2),(314,2),(316,2),(317,2),(322,2),(325,2),(326,2),(329,2),(330,2),(334,2),(335,2),(336,2),(338,2),(339,2),(341,2),(346,2),(347,2),(348,2),(349,2),(350,2),(352,2),(353,2),(354,2),(355,2),(359,2),(361,2),(362,2),(366,2),(367,2),(369,2),(370,2),(372,2),(378,2),(379,2),(380,2),(381,2),(382,2),(383,2),(389,2),(390,2),(392,2),(394,2),(395,2),(396,2),(405,2),(406,2),(407,2),(408,2),(410,2),(411,2),(412,2),(413,2),(416,2),(1,3),(2,3),(3,3),(4,3),(5,3),(6,3),(7,3),(8,3),(9,3),(10,3),(11,3),(12,3),(13,3),(14,3),(15,3),(16,3),(17,3),(18,3),(19,3),(20,3),(21,3),(22,3),(23,3),(24,3),(25,3),(26,3),(27,3),(28,3),(29,3),(30,3),(31,3),(32,3),(33,3),(34,3),(35,3),(36,3),(37,3),(38,3),(39,3),(40,3),(41,3),(42,3),(43,3),(44,3),(45,3),(46,3),(47,3),(48,3),(49,3),(50,3),(51,3),(52,3),(53,3),(54,3),(55,3),(56,3),(57,3),(58,3),(59,3),(60,3),(61,3),(62,3),(63,3),(64,3),(65,3),(66,3),(67,3),(68,3),(69,3),(70,3),(71,3),(72,3),(73,3),(74,3),(75,3),(76,3),(77,3),(78,3),(79,3),(80,3),(81,3),(82,3),(83,3),(84,3),(85,3),(86,3),(87,3),(88,3),(89,3),(90,3),(91,3),(92,3),(93,3),(94,3),(95,3),(96,3),(97,3),(98,3),(99,3),(100,3),(101,3),(102,3),(103,3),(104,3),(105,3),(106,3),(107,3),(108,3),(109,3),(110,3),(111,3),(112,3),(113,3),(114,3),(115,3),(116,3),(117,3),(118,3),(119,3),(120,3),(121,3),(122,3),(123,3),(124,3),(125,3),(126,3),(127,3),(128,3),(129,3),(130,3),(131,3),(132,3),(133,3),(134,3),(135,3),(136,3),(137,3),(138,3),(139,3),(140,3),(141,3),(142,3),(143,3),(144,3),(145,3),(146,3),(147,3),(148,3),(149,3),(150,3),(151,3),(152,3),(153,3),(154,3),(155,3),(156,3),(157,3),(158,3),(159,3),(160,3),(161,3),(162,3),(163,3),(164,3),(165,3),(166,3),(167,3),(168,3),(169,3),(170,3),(171,3),(172,3),(173,3),(174,3),(175,3),(176,3),(177,3),(178,3),(179,3),(180,3),(181,3),(182,3),(183,3),(184,3),(185,3),(186,3),(187,3),(188,3),(189,3),(190,3),(191,3),(192,3),(193,3),(194,3),(195,3),(196,3),(197,3),(198,3),(199,3),(200,3),(201,3),(202,3),(203,3),(204,3),(205,3),(206,3),(207,3),(208,3),(209,3),(210,3),(211,3),(212,3),(213,3),(214,3),(215,3),(216,3),(217,3),(218,3),(219,3),(220,3),(221,3),(222,3),(223,3),(224,3),(225,3),(226,3),(227,3),(228,3),(229,3),(230,3),(231,3),(232,3),(233,3),(234,3),(235,3),(236,3),(237,3),(238,3),(239,3),(240,3),(241,3),(242,3),(243,3),(244,3),(245,3),(246,3),(247,3),(248,3),(249,3),(250,3),(251,3),(252,3),(253,3),(254,3),(255,3),(256,3),(257,3),(258,3),(259,3),(260,3),(261,3),(262,3),(263,3),(264,3),(265,3),(266,3),(267,3),(268,3),(269,3),(270,3),(271,3),(272,3),(273,3),(274,3),(275,3),(276,3),(277,3),(278,3),(279,3),(280,3),(281,3),(282,3),(283,3),(284,3),(285,3),(286,3),(287,3),(288,3),(289,3),(290,3),(291,3),(292,3),(293,3),(294,3),(295,3),(296,3),(297,3),(298,3),(299,3),(300,3),(301,3),(302,3),(303,3),(304,3),(305,3),(306,3),(307,3),(308,3),(309,3),(310,3),(311,3),(312,3),(313,3),(314,3),(315,3),(317,3),(318,3),(319,3),(320,3),(321,3),(322,3),(323,3),(324,3),(325,3),(326,3),(327,3),(328,3),(329,3),(330,3),(331,3),(332,3),(333,3),(334,3),(335,3),(336,3),(337,3),(338,3),(339,3),(340,3),(341,3),(342,3),(343,3),(344,3),(345,3),(346,3),(347,3),(348,3),(349,3),(350,3),(351,3),(352,3),(353,3),(354,3),(355,3),(356,3),(357,3),(358,3),(359,3),(360,3),(361,3),(362,3),(363,3),(364,3),(365,3),(366,3),(367,3),(368,3),(369,3),(370,3),(371,3),(372,3),(373,3),(374,3),(375,3),(376,3),(377,3),(378,3),(379,3),(380,3),(381,3),(382,3),(383,3),(384,3),(385,3),(386,3),(387,3),(388,3),(389,3),(390,3),(391,3),(392,3),(393,3),(394,3),(395,3),(396,3),(397,3),(398,3),(399,3),(400,3),(401,3),(402,3),(403,3),(404,3),(405,3),(406,3),(407,3),(408,3),(409,3),(410,3),(411,3),(412,3),(413,3),(414,3),(415,3),(416,3),(417,3);
/*!40000 ALTER TABLE `game_entity_platform` ENABLE KEYS */;
UNLOCK TABLES;

--
-- Table structure for table `game_entity_source`
--

DROP TABLE IF EXISTS `game_entity_source`;
/*!40101 SET @saved_cs_client     = @@character_set_client */;
/*!40101 SET character_set_client = utf8 */;
CREATE TABLE `game_entity_source` (
  `game_entity_id` int(11) NOT NULL,
  `source_id` int(11) NOT NULL,
  `third_party_id` varchar(100) DEFAULT NULL,
  PRIMARY KEY (`game_entity_id`,`source_id`)
) ENGINE=InnoDB DEFAULT CHARSET=utf8;
/*!40101 SET character_set_client = @saved_cs_client */;

--
-- Dumping data for table `game_entity_source`
--

LOCK TABLES `game_entity_source` WRITE;
/*!40000 ALTER TABLE `game_entity_source` DISABLE KEYS */;
INSERT INTO `game_entity_source` VALUES (1,2,NULL),(2,2,NULL),(3,2,NULL),(4,2,NULL),(5,2,NULL),(6,2,NULL),(7,2,NULL),(8,2,NULL),(9,2,NULL),(10,2,NULL),(11,2,NULL),(12,2,NULL),(13,2,NULL),(14,2,NULL),(15,2,NULL),(16,2,NULL),(17,2,NULL),(18,2,NULL),(19,2,NULL),(20,2,NULL),(21,2,NULL),(22,2,NULL),(23,2,NULL),(24,2,NULL),(25,2,NULL),(26,3,'220'),(27,3,'240'),(28,3,'280'),(29,3,'320'),(30,3,'340'),(31,3,'360'),(32,3,'4000'),(33,3,'6100'),(34,3,'380'),(35,3,'400'),(36,3,'420'),(37,3,'2700'),(38,3,'13210'),(39,3,'15500'),(40,3,'12360'),(41,3,'19900'),(42,3,'12200'),(43,3,'9480'),(44,3,'16730'),(45,3,'12210'),(46,3,'17480'),(47,3,'10150'),(48,3,'22330'),(49,3,'22320'),(50,3,'6060'),(51,3,'6000'),(52,3,'32370'),(53,3,'6010'),(54,3,'6040'),(55,3,'32310'),(56,3,'32340'),(57,3,'20500'),(58,3,'24800'),(59,3,'24790'),(60,3,'24810'),(61,3,'32430'),(62,3,'22370'),(63,3,'24980'),(64,3,'23450'),(65,3,'40100'),(66,3,'48110'),(67,3,'8190'),(68,3,'35140'),(69,3,'3900'),(70,3,'3990'),(71,3,'8800'),(72,3,'16810'),(73,3,'34440'),(74,3,'34450'),(75,3,'32470'),(76,3,'46440'),(77,3,'24780'),(78,3,'48800'),(79,3,'32500'),(80,3,'12220'),(81,3,'72200'),(82,3,'40380'),(83,3,'38720'),(84,3,'48950'),(85,3,'16450'),(86,3,'21090'),(87,3,'21110'),(88,3,'21120'),(89,3,'4540'),(90,3,'42910'),(91,3,'99810'),(92,3,'15620'),(93,3,'20570'),(94,3,'56400'),(95,3,'620'),(96,3,'34330'),(97,3,'55100'),(98,3,'8200'),(99,3,'8210'),(100,3,'8220'),(101,3,'8230'),(102,3,'8240'),(103,3,'8250'),(104,3,'901663'),(105,3,'8260'),(106,3,'8270'),(107,3,'8280'),(108,3,'8290'),(109,3,'8300'),(110,3,'901399'),(111,3,'31220'),(112,3,'31230'),(113,3,'31240'),(114,3,'31250'),(115,3,'31260'),(116,3,'104200'),(117,3,'105600'),(118,3,'50620'),(119,3,'55150'),(120,3,'104000'),(121,3,'57900'),(122,3,'97000'),(123,3,'22230'),(124,3,'99300'),(125,3,'33460'),(126,3,'107200'),(127,3,'200550'),(128,3,'98600'),(129,3,'8930'),(130,3,'55230'),(131,3,'102600'),(132,3,'9200'),(133,3,'116120'),(134,3,'110800'),(135,3,'24010'),(136,3,'72850'),(137,3,'107800'),(138,3,'201290'),(139,3,'41070'),(140,3,'57400'),(141,3,'200260'),(142,3,'202200'),(143,3,'202710'),(144,3,'2820'),(145,3,'201310'),(146,3,'203730'),(147,3,'239430'),(148,3,'29180'),(149,3,'38740'),(150,3,'91200'),(151,3,'22000'),(152,3,'102500'),(153,3,'38700'),(154,3,'67370'),(155,3,'22380'),(156,3,'3830'),(157,3,'115100'),(158,3,'115110'),(159,3,'102850'),(160,3,'204880'),(161,3,'207610'),(162,3,'208140'),(163,3,'211740'),(164,3,'108200'),(165,3,'205910'),(166,3,'107300'),(167,3,'107310'),(168,3,'213030'),(169,3,'50300'),(170,3,'4500'),(171,3,'20510'),(172,3,'41700'),(173,3,'105400'),(174,3,'204030'),(175,3,'57690'),(176,3,'17330'),(177,3,'17340'),(178,3,'108800'),(179,3,'115320'),(180,3,'202170'),(181,3,'214360'),(182,3,'234740'),(183,3,'214700'),(184,3,'730'),(185,3,'208580'),(186,3,'200710'),(187,3,'205100'),(188,3,'200510'),(189,3,'218410'),(190,3,'220460'),(191,3,'221020'),(192,3,'208480'),(193,3,'220240'),(194,3,'219740'),(195,3,'220780'),(196,3,'221260'),(197,3,'203140'),(198,3,'205930'),(199,3,'201790'),(200,3,'4560'),(201,3,'9340'),(202,3,'20540'),(203,3,'43110'),(204,3,'55110'),(205,3,'228200'),(206,3,'214510'),(207,3,'4570'),(208,3,'228280'),(209,3,'221810'),(210,3,'203160'),(211,3,'220440'),(212,3,'227300'),(213,3,'208520'),(214,3,'219680'),(215,3,'219890'),(216,3,'233740'),(217,3,'227860'),(218,3,'224500'),(219,3,'227720'),(220,3,'230050'),(221,3,'233450'),(222,3,'227160'),(223,3,'227680'),(224,3,'228260'),(225,3,'208730'),(226,3,'233720'),(227,3,'204450'),(228,3,'234710'),(229,3,'220200'),(230,3,'65930'),(231,3,'222730'),(232,3,'238890'),(233,3,'206190'),(234,3,'223830'),(235,3,'241600'),(236,3,'237570'),(237,3,'242920'),(238,3,'233250'),(239,3,'224060'),(240,3,'241410'),(241,3,'39140'),(242,3,'244850'),(243,3,'206420'),(244,3,'246900'),(245,3,'255520'),(246,3,'265210'),(247,3,'246940'),(248,3,'247020'),(249,3,'214770'),(250,3,'239030'),(251,3,'237630'),(252,3,'248390'),(253,3,'218620'),(254,3,'209000'),(255,3,'239820'),(256,3,'2870'),(257,3,'236850'),(258,3,'250180'),(259,3,'237890'),(260,3,'251150'),(261,3,NULL),(262,3,'243450'),(263,3,'242050'),(264,3,'250400'),(265,3,'49520'),(266,3,'245470'),(267,3,'246090'),(268,3,'221910'),(269,3,'261030'),(270,3,'252150'),(271,3,'261760'),(272,3,'105450'),(273,3,'221380'),(274,3,'263760'),(275,3,'263840'),(276,3,'265610'),(277,3,'265930'),(278,3,'266840'),(279,3,'224040'),(280,3,'270850'),(281,3,'235460'),(282,3,'228380'),(283,3,'272860'),(284,3,'274190'),(285,3,'237870'),(286,3,'48700'),(287,3,'287450'),(288,3,'290080'),(289,3,'33910'),(290,3,'33930'),(291,3,'65700'),(292,3,'65720'),(293,3,'219540'),(294,3,'224580'),(295,3,'226860'),(296,3,'201810'),(297,3,'289130'),(298,3,'298630'),(299,3,'238460'),(300,3,'300550'),(301,3,'292120'),(302,3,'303800'),(303,3,'243470'),(304,3,'306660'),(305,3,'310080'),(306,3,'240760'),(307,3,'259130'),(308,3,'312990'),(309,3,'243970'),(310,3,'65980'),(311,3,'241930'),(312,3,'289930'),(313,3,'294860'),(314,3,'282070'),(315,3,'12120'),(316,3,'12250'),(317,3,'346010'),(318,3,'333950'),(319,1,'1207659038'),(320,1,'1207660053'),(321,1,'1207658829'),(322,1,'1207659156'),(323,1,'1207659097'),(324,1,'1207659086'),(325,1,'1207660124'),(326,1,'1207658695'),(327,1,'1207658746'),(328,1,'1207658856'),(329,1,'1207662943'),(330,1,'1207659253'),(331,1,'1207658838'),(332,1,'1207659070'),(333,1,'1207664203'),(334,1,'1207658982'),(335,1,'1207658933'),(336,1,'1207659103'),(337,1,'1207659263'),(338,1,'1207658927'),(339,1,'1207658730'),(340,1,'1207658959'),(341,1,'1207658934'),(342,1,'1207659194'),(343,1,'1207658844'),(344,1,'1207658859'),(345,1,'1207658777'),(346,1,'1207658775'),(347,1,'1207659200'),(348,1,'1207664153'),(349,1,'1207659102'),(350,1,'1207659067'),(351,1,'1207659843'),(352,1,'1207666533'),(353,1,'1207659118'),(354,1,'1207659593'),(355,1,'1207660673'),(356,1,'1207658779'),(357,1,'1207659096'),(358,1,'1207659154'),(359,1,'1207659933'),(360,1,'1207659128'),(361,1,'1207658694'),(362,1,'1207658935'),(363,1,'1207659236'),(364,1,'1207666893'),(365,1,'1207659162'),(366,1,'1207660553'),(367,1,'1207659255'),(368,1,'1207659046'),(369,1,'1207660104'),(370,1,'1207659122'),(371,1,'1207660613'),(372,1,'1207659049'),(373,1,'1207659244'),(374,1,'1207663153'),(375,1,'1207663193'),(376,1,'1207658945'),(377,1,'1207659058'),(378,1,'1207660413'),(379,1,'1207658936'),(380,1,'1207658969'),(381,1,'1207664303'),(382,1,'1207659873'),(383,1,'1207659018'),(384,1,'1207658719'),(385,1,'1207666403'),(386,1,'1207666413'),(387,1,'1207659100'),(388,1,'1207659007'),(389,1,'1207659161'),(390,1,'1207658713'),(391,1,'1207659079'),(392,1,'1207659172'),(393,1,'1207659523'),(394,1,'1207658753'),(395,1,'1207659026'),(396,1,'1207658901'),(397,1,'1207659087'),(398,1,'1207658677'),(399,1,'1207658679'),(400,1,'1207658691'),(401,1,'1207658692'),(402,1,'1207659171'),(403,1,'1207659039'),(404,3,'17300'),(405,3,'8870'),(406,3,'28050'),(407,3,'34460'),(408,3,'247870'),(409,3,'349110'),(410,3,'225340'),(411,5,NULL),(412,5,NULL),(413,5,NULL),(414,4,NULL),(415,4,NULL),(416,5,NULL),(417,3,'7600');
/*!40000 ALTER TABLE `game_entity_source` ENABLE KEYS */;
UNLOCK TABLES;

--
-- Table structure for table `platform`
--

DROP TABLE IF EXISTS `platform`;
/*!40101 SET @saved_cs_client     = @@character_set_client */;
/*!40101 SET character_set_client = utf8 */;
CREATE TABLE `platform` (
  `id` int(11) NOT NULL AUTO_INCREMENT,
  `name` varchar(45) CHARACTER SET latin1 NOT NULL,
  PRIMARY KEY (`id`),
  UNIQUE KEY `name_UNIQUE` (`name`)
) ENGINE=InnoDB AUTO_INCREMENT=19 DEFAULT CHARSET=utf8;
/*!40101 SET character_set_client = @saved_cs_client */;

--
-- Dumping data for table `platform`
--

LOCK TABLES `platform` WRITE;
/*!40000 ALTER TABLE `platform` DISABLE KEYS */;
INSERT INTO `platform` VALUES (18,'Bob'),(1,'Linux'),(2,'Mac'),(3,'Windows');
/*!40000 ALTER TABLE `platform` ENABLE KEYS */;
UNLOCK TABLES;

--
-- Table structure for table `source`
--

DROP TABLE IF EXISTS `source`;
/*!40101 SET @saved_cs_client     = @@character_set_client */;
/*!40101 SET character_set_client = utf8 */;
CREATE TABLE `source` (
  `id` int(11) NOT NULL AUTO_INCREMENT,
  `name` varchar(45) CHARACTER SET latin1 NOT NULL,
  PRIMARY KEY (`id`),
  UNIQUE KEY `name_UNIQUE` (`name`)
) ENGINE=InnoDB AUTO_INCREMENT=6 DEFAULT CHARSET=utf8;
/*!40101 SET character_set_client = @saved_cs_client */;

--
-- Dumping data for table `source`
--

LOCK TABLES `source` WRITE;
/*!40000 ALTER TABLE `source` DISABLE KEYS */;
INSERT INTO `source` VALUES (4,'Gamestop App'),(1,'GOG.com'),(2,'Humble Bundle'),(3,'Steam'),(5,'Website');
/*!40000 ALTER TABLE `source` ENABLE KEYS */;
UNLOCK TABLES;
/*!40103 SET TIME_ZONE=@OLD_TIME_ZONE */;

/*!40101 SET SQL_MODE=@OLD_SQL_MODE */;
/*!40014 SET FOREIGN_KEY_CHECKS=@OLD_FOREIGN_KEY_CHECKS */;
/*!40014 SET UNIQUE_CHECKS=@OLD_UNIQUE_CHECKS */;
/*!40101 SET CHARACTER_SET_CLIENT=@OLD_CHARACTER_SET_CLIENT */;
/*!40101 SET CHARACTER_SET_RESULTS=@OLD_CHARACTER_SET_RESULTS */;
/*!40101 SET COLLATION_CONNECTION=@OLD_COLLATION_CONNECTION */;
/*!40111 SET SQL_NOTES=@OLD_SQL_NOTES */;

-- Dump completed on 2015-04-17 13:26:54
